[
  {
    "name": "theme_info",
    "theme_name": "Galleria",
    "theme_author": "Mile High Themes",
    "theme_version": "2.3.2",
    "theme_documentation_url": "https:\/\/support.milehighthemes.com\/hc\/en-us\/articles\/360020276113-Galleria-theme-documentation",
    "theme_support_url": "https:\/\/support.milehighthemes.com\/hc\/en-us\/requests\/new"
  },
  {
    "name": "Colors",
    "settings": [
      {
        "type": "color",
        "id": "primary_color",
        "label": "Primary color",
        "default": "#e1680f",
        "info": "Used for links, buttons, section backgrounds, and some hover states"
      },
      {
        "type": "header",
        "content": "Header"
      },
      {
        "type": "color",
        "id": "header_bg_color",
        "label": "Background",
        "default": "#454545"
      },
      {
        "type": "color",
        "id": "header_text_color",
        "label": "Text and icons",
        "default": "#ffffff"
      },
      {
        "type": "header",
        "content": "Body"
      },
      {
        "type": "color",
        "id": "body_background_color",
        "label": "Background",
        "default": "#fff"
      },
      {
        "type": "color",
        "id": "heading_text_color",
        "label": "Headings",
        "default": "#454545"
      },
      {
        "type": "color",
        "id": "body_text_color",
        "label": "Body text",
        "default": "#666565"
      },
      {
        "type": "color",
        "id": "alternate_bg_color",
        "label": "Alternate background",
        "default": "#efefef"
      },
      {
        "type": "color",
        "id": "alternate_headings_color",
        "label": "Alternate headings",
        "default": "#454545"
      },
      {
        "type": "color",
        "id": "alternate_text_color",
        "label": "Alternate text",
        "default": "#666565"
      },
      {
        "type": "color",
        "id": "button_text_color",
        "label": "Button text",
        "default": "#ffffff"
      },
      {
        "type": "color",
        "id": "sale_label_color",
        "label": "Sale label background",
        "default": "#e1680f"
      },
      {
        "type": "color",
        "id": "compare_price_color",
        "label": "Compare price",
        "default": "#bdbdbd"
      },
      {
        "type": "header",
        "content": "Footer"
      },
      {
        "type": "color",
        "id": "footer_bg_color",
        "label": "Background",
        "default": "#454545"
      },
      {
        "type": "color",
        "id": "footer_heading_color",
        "label": "Headings",
        "default": "#ffffff"
      },
      {
        "type": "color",
        "id": "footer_link_color",
        "label": "Links",
        "default": "#bdbdbd"
      },
      {
        "type": "color",
        "id": "footer_text_color",
        "label": "Text",
        "default": "#ffffff"
      }
    ]
  },
  {
    "name": "Discount code",
    "settings": [{
        "type": "checkbox",
        "id": "enable_offer",
        "label": "Enable offers",
        "default": false
      },
      {
          "type": "header",
          "content": "Title"
      },
      {
          "type": "text",
          "id": "title",
          "label": "Title",
          "default": "Enter title"
      },
      {
          "type": "header",
          "content": "Discount info"
      },
      {
          "type": "header",
          "content": "Discount code-1"
      },
      {
          "type": "text",
          "id": "discount_price1",
          "label": "Price"
      },
      {
          "type": "richtext",
          "id": "discoun_code_desc1",
          "label": "Discount code description"
      },
      {
          "type": "richtext",
          "id": "discount_code_subtext1",
          "label": "Subtext"
      },
      {
          "type": "text",
          "id": "discount_code1",
          "label": "Discount code"
      },
      {
          "type": "header",
          "content": "Discount code-2"
      },
      {
          "type": "text",
          "id": "discount_price2",
          "label": "Price"
      },
      {
          "type": "richtext",
          "id": "discoun_code_desc2",
          "label": "Discount code description"
      },
      {
          "type": "richtext",
          "id": "discount_code_subtext2",
          "label": "Subtext"
      },
      {
          "type": "text",
          "id": "discount_code2",
          "label": "Discount code"
      },
      {
          "type": "header",
          "content": "Discount code-3"
      },
      {
          "type": "text",
          "id": "discount_price3",
          "label": "Price"
      },
      {
          "type": "richtext",
          "id": "discoun_code_desc3",
          "label": "Discount code description"
      },
      {
          "type": "richtext",
          "id": "discount_code_subtext3",
          "label": "Subtext"
      },
      {
          "type": "text",
          "id": "discount_code3",
          "label": "Discount code"
      },
      {
          "type": "header",
          "content": "Discount code-4"
      },
      {
          "type": "text",
          "id": "discount_price4",
          "label": "Price"
      },
      {
          "type": "richtext",
          "id": "discoun_code_desc4",
          "label": "Discount code description"
      },
      {
          "type": "richtext",
          "id": "discount_code_subtext4",
          "label": "Subtext"
      },
      {
          "type": "text",
          "id": "discount_code4",
          "label": "Discount code"
      },
      {
          "type": "header",
          "content": "Discount code-5"
      },
      {
          "type": "text",
          "id": "discount_price5",
          "label": "Price"
      },
      {
          "type": "richtext",
          "id": "discoun_code_desc5",
          "label": "Discount code description"
      },
      {
          "type": "richtext",
          "id": "discount_code_subtext5",
          "label": "Subtext"
      },
      {
          "type": "text",
          "id": "discount_code5",
          "label": "Discount code"
      },
      {
          "type": "header",
          "content": "Discount code-6"
      },
      {
          "type": "text",
          "id": "discount_price6",
          "label": "Price"
      },
      {
          "type": "richtext",
          "id": "discoun_code_desc6",
          "label": "Discount code description"
      },
      {
          "type": "richtext",
          "id": "discount_code_subtext6",
          "label": "Subtext"
      },
      {
          "type": "text",
          "id": "discount_code6",
          "label": "Discount code"
      }
    ]
  },
  {
    "name": "Typography",
    "settings": [
      {
        "type": "font_picker",
        "id": "header_font_value",
        "label": "Heading font",
        "default": "lato_n6"
      },
      {
        "type": "range",
        "id": "header_size_1",
        "min": 20,
        "max": 36,
        "step": 1,
        "label": "Headings base size",
        "unit": "px",
        "default": 24
      },
      {
        "type": "font_picker",
        "id": "base_font_value",
        "label": "Body text",
        "default": "lato_n4"
      },
      {
        "type": "range",
        "id": "body_text_size",
        "min": 12,
        "max": 24,
        "step": 1,
        "label": "Body base size",
        "unit": "px",
        "default": 16
      },
      {
        "type": "header",
        "content": "Header"
      },
      {
        "type": "range",
        "id": "head_font_size",
        "min": 18,
        "max": 32,
        "step": 1,
        "label": "Logo text size",
        "unit": "px",
        "default": 24
      },
      {
        "type": "range",
        "id": "title_bar_text_size",
        "min": 18,
        "max": 58,
        "step": 4,
        "label": "Title bar text size",
        "unit": "px",
        "default": 30
      },
      {
        "type": "select",
        "id": "title_bar_text_transform",
        "label": "Text style",
        "default": "uppercase",
        "options": [
          {
            "value": "none",
            "label": "Normal"
          },
          {
            "value": "lowercase",
            "label": "Lowercase"
          },
          {
            "value": "uppercase",
            "label": "Uppercase"
          }
        ]
      },
      {
        "type": "select",
        "id": "title_bar_font_weight",
        "label": "Font weight",
        "default": "normal",
        "options": [
          {
            "value": "normal",
            "label": "Regular"
          },
          {
            "value": "bold",
            "label": "Bold"
          }
        ]
      },
      {
        "type": "header",
        "content": "Main menu"
      },
      {
        "type": "select",
        "id": "nav_text_weight",
        "label": "Font weight",
        "options": [
          {
            "value": "300",
            "label": "Light"
          },
          {
            "value": "400",
            "label": "Regular"
          },
          {
            "value": "600",
            "label": "Bold"
          },
          {
            "value": "700",
            "label": "Bolder"
          },
          {
            "value": "900",
            "label": "Extra bold"
          }
        ]
      },
      {
        "type": "select",
        "id": "nav_text_transform",
        "label": "Text style",
        "options": [
          {
            "value": "none",
            "label": "Normal"
          },
          {
            "value": "lowercase",
            "label": "Lowercase"
          },
          {
            "value": "uppercase",
            "label": "Uppercase"
          }
        ]
      },
      {
        "type": "range",
        "id": "nav_header_size",
        "min": 16,
        "max": 24,
        "step": 1,
        "label": "Menu base size",
        "unit": "px",
        "default": 20
      },
      {
        "type": "header",
        "content": "Home page sections"
      },
      {
        "type": "select",
        "id": "section_title_text_transfrom",
        "label": "Text style",
        "options": [
          {
            "value": "none",
            "label": "Normal"
          },
          {
            "value": "lowercase",
            "label": "Lowercase"
          },
          {
            "value": "uppercase",
            "label": "Uppercase"
          }
        ]
      },
      {
        "type": "select",
        "id": "section_header_size",
        "label": "Size",
        "options": [
          {
            "value": "sm",
            "label": "Small"
          },
          {
            "value": "md",
            "label": "Medium"
          },
          {
            "value": "lg",
            "label": "Large"
          }
        ]
      },
      {
        "type": "select",
        "id": "section_header_font_weight",
        "label": "Font weight",
        "default": "normal",
        "options": [
          {
            "value": "normal",
            "label": "Regular"
          },
          {
            "value": "bold",
            "label": "Bold"
          }
        ]
      },
      {
        "type": "header",
        "content": "RTE content",
        "info": "Controls text size for content added via Shopify's rich text editor (pages, blog posts, etc.)"
      },
      {
        "type": "range",
        "id": "rte_header_size_1",
        "min": 20,
        "max": 36,
        "step": 1,
        "label": "Headings base size",
        "unit": "px",
        "default": 32
      },
      {
        "type": "range",
        "id": "rte_body_text_size",
        "min": 12,
        "max": 24,
        "step": 1,
        "label": "Body base size",
        "unit": "px",
        "default": 20
      },
      {
        "type": "font_picker",
        "id": "font_support1",
        "label": "Font Family support 1",
        "default": "lato_n4"
      },
      {
        "type": "font_picker",
        "id": "font_support2",
        "label": "Font Family support 2",
        "default": "lato_n4"
      },
      {
        "type": "font_picker",
        "id": "font_support3",
        "label": "Font Family support 3",
        "default": "lato_n4"
      },
      {
        "type": "font_picker",
        "id": "font_support4",
        "label": "Font Family support 4",
        "default": "lato_n4"
      }
    ]
  },
  {
    "name": "Title bar",
    "settings": [
      {
        "type": "range",
        "id": "page_header_overlay",
        "label": "Background overlay",
        "min": 0,
        "max": 90,
        "step": 10,
        "unit": "%",
        "default": 50,
        "info": "Add a darkened overlay over header images to make text more readable"
      },
      {
        "type": "checkbox",
        "id": "header_overlap",
        "label": "Overlap header content",
        "info": "[Learn more](https:\/\/support.milehighthemes.com\/hc\/en-us\/articles\/360020271713)",
        "default": true
      },
      {
        "type": "checkbox",
        "id": "use_breadcrumbs",
        "label": "Enable breadcrumbs"
      },
      {
        "type": "image_picker",
        "id": "page_account_bg_img",
        "label": "Customer pages header image",
        "info": "Header image for account, login, register, and order history pages"
      }
    ]
  },
  {
    "name": "Free products",
    "settings": [
      {
        "type": "richtext",
        "id": "custom_price0_text",
        "label": "\"Free\" text (for $0 products)"
      },
      {
        "type": "checkbox",
        "id": "hide_price0_box_and_button",
        "label": "Hide cart button"
      }
    ]
  },
  {
    "name": "Product grid",
    "settings": [
      {
        "type": "checkbox",
        "id": "show_outofstock",
        "default": false,
        "label": "Show out of stock products"
      },
      {
        "type": "checkbox",
        "id": "align_height",
        "label": "Align height of product images"
      },
      {
        "type": "range",
        "id": "collection_height",
        "label": "Product image height",
        "min": 200,
        "max": 400,
        "step": 10,
        "default": 300,
        "unit": "px"
      },
      {
        "type": "select",
        "id": "thumbnail_rating",
        "label": "Show star rating",
        "options": [
          {
            "value": "always",
            "label": "Always"
          },
          {
            "value": "never",
            "label": "Never"
          },
          {
            "value": "reviews",
            "label": "Only if it has reviews"
          }
        ],
        "default": "always",
        "info": "Relevant only if Shopify Product Reviews app is installed and enabled."
      },
      {
        "type": "checkbox",
        "id": "product_thumbnails_box_shadow",
        "label": "Drop shadow on product images"
      }
    ]
  },
  {
    "name": "Product reviews",
    "settings": [
      {
        "type": "checkbox",
        "id": "product_reviews",
        "label": "Enable product reviews",
        "info": "Requires free [Shopify Product Reviews](https:\/\/apps.shopify.com\/product-reviews) app."
      }
    ]
  },
  {
    "name": "Quick view",
    "settings": [
      {
        "type": "checkbox",
        "id": "show_product_swatches",
        "label": "Enable swatches in quick view"
      },
      {
        "type": "checkbox",
        "id": "show_smart_checkout",
        "label": "Show dynamic checkout button in quick view",
        "info": "Lets customers check out directly using a familiar payment method. [Learn more](https:\/\/help.shopify.com\/manual\/using-themes\/change-the-layout\/dynamic-checkout)",
        "default": false
      },
      {
        "type": "checkbox",
        "id": "show_description_qv",
        "label": "Show truncated product description"
      }
    ]
  },
  {
    "name": "Cart",
    "settings": [
      {
        "type": "select",
        "id": "cart_type",
        "label": "Cart type",
        "options": [
          {
            "value": "modal",
            "label": "Modal"
          },
          {
            "value": "page",
            "label": "Page"
          }
        ],
        "default": "modal",
        "info": "If modal is enabled, users are not redirected to the cart after adding an item. Instead, a popup appears allowing them to view their cart or continue shopping."
      },
      {
        "type": "select",
        "id": "cart_background_style",
        "label": "Modal cart style",
        "options": [
          {
            "value": "dark",
            "label": "Dark"
          },
          {
            "value": "light",
            "label": "Light"
          }
        ],
        "default": "dark"
      },
      {
        "type": "checkbox",
        "id": "cart_notes_enable",
        "label": "Enable cart notes",
        "default": false
      },
      {
        "type": "checkbox",
        "id": "limit_purchase_quantities",
        "label": "Limit purchase quantities",
        "info": "If enabled, a popup will alert the customer if they attempt to add more than available quantities to cart.",
        "default": false
      }
    ]
  },
  {
    "name": "Search",
    "settings": [
      {
        "type": "select",
        "id": "search_result_type",
        "label": "Search results display",
        "options": [
          {
            "value": "products_only",
            "label": "Products only"
          },
          {
            "value": "everything",
            "label": "Everything"
          }
        ],
        "default": "products_only"
      }
    ]
  },
  {
    "name": "Social media",
    "settings": [
      {
        "type": "header",
        "content": "Social sharing image"
      },
      {
        "type": "image_picker",
        "id": "share_image",
        "label": "Image",
        "info": "Shown when sharing a link on social media. [Learn more](https:\/\/help.shopify.com\/manual\/using-themes\/troubleshooting\/showing-social-media-thumbnail-images\/) about image thumbnails."
      },
      {
        "type": "header",
        "content": "Social Accounts",
        "info": "Social media icons appear in various locations throughout the theme. If you do not have an account at a particular site, leave the field blank and the icon will not show."
      },
      {
        "type": "text",
        "id": "twitter_link",
        "label": "Twitter",
        "info": "https:\/\/twitter.com\/shopify"
      },
      {
        "type": "text",
        "id": "facebook_link",
        "label": "Facebook",
        "info": "https:\/\/facebook.com\/shopify"
      },
      {
        "type": "text",
        "id": "pinterest_link",
        "label": "Pinterest",
        "info": "https:\/\/www.pinterest.com\/shopify\/"
      },
      {
        "type": "text",
        "id": "instagram_link",
        "label": "Instagram",
        "info": "https:\/\/instagram.com\/shopify"
      },
      {
        "type": "text",
        "id": "tumblr_link",
        "label": "Tumblr",
        "info": "https:\/\/www.tumblr.com\/tagged\/shopify"
      },
      {
        "type": "text",
        "id": "youtube_link",
        "label": "YouTube",
        "info": "https:\/\/www.youtube.com\/user\/shopify"
      },
      {
        "type": "text",
        "id": "vimeo_link",
        "label": "Vimeo",
        "info": "https:\/\/vimeo.com\/shopify"
      }
    ]
  },
  {
    "settings": [
      {
        "id": "show_multiple_currencies",
        "default": true,
        "label": "Enable Auto Currency App?",
        "type": "checkbox"
      },
      {
        "content": "Although you will be able to display prices on your store front in different currencies, Shopify will still process orders in your shop's currency.",
        "type": "paragraph"
      },
      {
        "id": "show_decimal_places",
        "default": true,
        "label": "Round Decimal Digits to .00 ?",
        "type": "checkbox"
      },
      {
        "id": "hide_decimal_places",
        "label": "Hide Decimal Digits? ( Remove .00 )",
        "type": "checkbox"
      },
      {
        "content": "By selecting the Hide Decimal Digits checkbox, the prices will be diplayed without decimal digits.",
        "type": "paragraph"
      },
      {
        "id": "currency_format",
        "default": "money_with_currency_format",
        "label": "Money format",
        "type": "select",
        "options": [
          {
            "value": "money_format",
            "label": "Without Currency, ex: $10.00"
          },
          {
            "value": "money_with_currency_format",
            "label": "With Currency, ex: $10 CAD"
          }
        ]
      },
      {
        "id": "supported_currencies",
        "default": "INR GBP CAD USD AUD EUR JPY",
        "label": "Currencies you wish to support",
        "type": "text"
      },
      {
        "id": "default_currency",
        "default": "USD",
        "label": "Default currency",
        "type": "text"
      },
      {
        "content": "Separate your currency codes with a space. Use the ISO 4217 3-letter currency code. Click [here](http:\/\/www.xe.com\/iso4217.php) for a complete list of currency codes. Example: CAD USD.",
        "type": "paragraph"
      }
    ],
    "name": "Money options"
  },
  {
    "name": "Favicon",
    "settings": [
      {
        "type": "image_picker",
        "id": "favicon",
        "label": "Favicon image",
        "info": "Will be scaled down to 32 x 32px"
      }
    ]
  },
  {
    "name": "Gift Product on Purchase",
    "settings": [
      {
        "type": "checkbox",
        "id": "enable_GPP",
        "label": "enable gift product"
      },
      {
        "type": "text",
        "id": "trigger_price",
        "label": "Trigger Price",
        "default": "1000"
      },
      {
        "type": "product",
        "id": "GPP_product",
        "label": "gift product"
      },
      {
        "type": "html",
        "id": "gift_product_content",
        "label": "Gift Product Content"
      },
      {
        "type": "text",
        "id": "gift_info",
        "label": "Gift content",
        "default": "Add more [value] item in cart and get will free gift item",
        "info": "write [value] where you want to display difference"
      },
      {
        "type": "text",
        "id": "gift_btn",
        "label": "Gift button label",
        "default": "FREE GIFT"
      }
    ]
  },
  {
    "name": "App: Wishlist King",
    "settings": [
      {
        "type": "header",
        "content": "Styling & Customisations",
        "info": "Please note: Wishlist King is 100% customisable to integrate seamlessly with any theme. If you need customisations beyond what you can change below, please get in touch: support@appmate.io"
      },
      {
        "type": "checkbox",
        "id": "app_wk_enabled",
        "label": "Enable Wishlist King",
        "default": true
      },
      {
        "type": "checkbox",
        "id": "app_wk_login_required",
        "label": "Customer Login Required",
        "default": false
      },
      {
        "type": "select",
        "id": "app_wk_icon",
        "label": "Wishlist Icon",
        "info": "Choose between Heart or Star icon. For your own custom icon, please contact support@appmate.io",
        "options": [
          {
            "value": "heart",
            "label": "Heart"
          },
          {
            "value": "star",
            "label": "Star"
          }
        ],
        "default": "heart"
      },
      {
        "type": "header",
        "content": "Button - Collection"
      },
      {
        "type": "select",
        "id": "app_wk_col_bg_shape",
        "label": "Button Shape",
        "options": [
          {
            "value": "square",
            "label": "Square"
          },
          {
            "value": "circle",
            "label": "Circle"
          },
          {
            "value": "none",
            "label": "No Background"
          }
        ],
        "default": "square"
      },
      {
        "type": "header",
        "content": "Wishlist Page"
      },
      {
        "type": "select",
        "id": "app_wk_share_position",
        "label": "Share Wishlist Position",
        "options": [
          {
            "value": "top",
            "label": "Top"
          },
          {
            "value": "bottom",
            "label": "Bottom"
          },
          {
            "value": "hidden",
            "label": "Hidden"
          }
        ],
        "default": "top"
      },
      {
        "type": "select",
        "id": "app_wk_products_per_row",
        "label": "Products per Row",
        "options": [
          {
            "value": "3",
            "label": "3"
          },
          {
            "value": "4",
            "label": "4"
          },
          {
            "value": "5",
            "label": "5"
          },
          {
            "value": "6",
            "label": "6"
          }
        ],
        "default": "4"
      }
    ]
  }
]
