{"sections":{"1663398145ca8030c0":{"type":"shop-page-img-section","settings":{"hideOnMobile":false,"featuredImg":"shopify:\/\/shop_images\/banner-floral.png","linkOnImg":"","topSpacingDesk":0,"botSpacingDesk":0,"topSpacingMob":0,"botSpacingMob":0}},"page-shop-banner":{"type":"page-shop-banner","disabled":true,"blocks":{"5f2106f0-b85f-4dde-b8fa-8ea8066a84a6":{"type":"image","settings":{"bannerImg":"shopify:\/\/shop_images\/sds_lp.jpg","bannerImgMob":"shopify:\/\/shop_images\/sds_lp.jpg"}}},"block_order":["5f2106f0-b85f-4dde-b8fa-8ea8066a84a6"],"settings":{"hideOnMobile":false,"mainHeading":"","bannerHeightDesk":"900px","bannerHeightMob":"350px","HeadingColor":"#ffffff","topSpacingDesk":0,"botSpacingDesk":0,"topSpacingMob":0,"botSpacingMob":0,"overlayColor":"#41001f","overlayOpacity":0}},"page-shop-plpl-list":{"type":"page-shop-plpl-list","settings":{"hideOnMobile":false,"bgColor":"","applySlider":false,"collection":"navratri-sarees","productLimit":4,"hidePrice":false,"showViewAll":true,"showHeadShape":true,"mainHeading":"","headingColor":"#ffffff","useWhiteShape":true,"topSpacingDesk":0,"botSpacingDesk":70,"topSpacingMob":30,"botSpacingMob":30}},"1663324300126f9c8d":{"type":"shop-page-img-section","disabled":true,"settings":{"hideOnMobile":false,"featuredImg":"shopify:\/\/shop_images\/checkout_page.jpg","mobileImg":"shopify:\/\/shop_images\/checkout_page.jpg","linkOnImg":"shopify:\/\/collections\/diwali-sarees","topSpacingDesk":0,"botSpacingDesk":34,"topSpacingMob":0,"botSpacingMob":9}},"page-shop-plpl-list2":{"type":"page-shop-plpl-list","settings":{"hideOnMobile":false,"bgColor":"linear-gradient(180deg, rgba(255, 242, 230, 0.5) 30%, rgba(255, 255, 255, 0) 50%)","applySlider":false,"collection":"durga-puja-sarees","productLimit":4,"hidePrice":false,"showViewAll":true,"showHeadShape":true,"mainHeading":"<span style=\"color:#C12C74;\">Durga<\/span> Pooja Sarees","headingColor":"#000000","useWhiteShape":false,"topSpacingDesk":70,"botSpacingDesk":70,"topSpacingMob":35,"botSpacingMob":35}},"page-shop-plpl-list3":{"type":"page-shop-plpl-list","settings":{"hideOnMobile":false,"bgColor":"linear-gradient(180deg, #C12C74 29.75%, rgba(193, 44, 116, 0) 52.8%)","applySlider":false,"collection":"karwa-chauth-sarees","productLimit":4,"hidePrice":false,"showViewAll":true,"showHeadShape":true,"mainHeading":"Karwa Chauth Sarees","headingColor":"#ffffff","useWhiteShape":true,"topSpacingDesk":75,"botSpacingDesk":75,"topSpacingMob":30,"botSpacingMob":49}}},"order":["1663398145ca8030c0","page-shop-banner","page-shop-plpl-list","1663324300126f9c8d","page-shop-plpl-list2","page-shop-plpl-list3"]}